<?xml version="1.0" encoding="utf-8"?>
<extension type="module" version="3.1.0" client="site" method="upgrade">
    <name>Navigation Slider</name>
    <author>kunterbunt</author>
    <version>1.0.0</version>
    <description>A navigation module that allows horizontal swipe-based scrolling of filtered articles.</description>
    <files>
        <filename>mod_navslider.xml</filename>
        <filename module="mod_navslider">mod_navslider.php</filename>
        <filename>index.html</filename>
        <filename>helper.php</filename>        
        <folder>tmpl</filename>
        <folder>imgs</folder>
        <folder>js</folder>
        <folder>css</folder>
    </files>
    <config>
    </config>
</extension>